{
  "swagger" : "2.0",
  "info" : {
    "title" : "Billdesk",
    "version" : "1.0.0",
    "description" : "Billdesk"
  },
  "paths" : {
    "/utid" : {
      "post" : {
        "operationId" : "postUtid",
        "responses" : {
          "200" : {
            "description" : "The operation was successful."
          }
        },
        "consumes" : [ "application/json" ],
        "produces" : [ "application/json" ],
        "description" : "Insert a utid",
        "parameters" : [ {
          "name" : "body",
          "in" : "body",
          "schema" : {
            "type" : "string"
          },
          "description" : "The request body for the operation",
          "required" : true
        } ]
      }
    },
    "/updatePayment" : {
      "post" : {
        "operationId" : "postUpdatePayment",
        "responses" : {
          "200" : {
            "description" : "The operation was successful."
          }
        },
        "consumes" : [ "application/json" ],
        "produces" : [ "application/json" ],
        "description" : "Insert a updatePayment",
        "parameters" : [ {
          "name" : "body",
          "in" : "body",
          "schema" : {
            "type" : "string"
          },
          "description" : "The request body for the operation",
          "required" : true
        } ]
      }
    }
  },
  "basePath" : "/billdesk/v1"
}