{
  "swagger" : "2.0",
  "info" : {
    "title" : "CKYC",
    "version" : "1.0.0",
    "description" : "CKYC"
  },
  "paths" : {
    "/db" : {
      "post" : {
        "operationId" : "postDb",
        "responses" : {
          "200" : {
            "description" : "The operation was successful."
          }
        },
        "consumes" : [ "application/json" ],
        "produces" : [ "application/json" ],
        "description" : "Insert a db",
        "parameters" : [ {
          "name" : "body",
          "in" : "body",
          "schema" : {
            "type" : "string"
          },
          "description" : "The request body for the operation",
          "required" : true
        }, {
          "name" : "Channel_ID",
          "in" : "header",
          "type" : "string",
          "required" : true
        }, {
          "name" : "Service_ID",
          "in" : "header",
          "type" : "string",
          "required" : true
        }, {
          "name" : "Request_ID",
          "in" : "header",
          "type" : "string",
          "required" : true
        }, {
          "name" : "Request_Date",
          "in" : "header",
          "type" : "string",
          "required" : true
        } ]
      }
    }
  },
  "basePath" : "/ckyc/"
}