{
  "swagger" : "2.0",
  "info" : {
    "title" : "ADANI_MOBILE_DB_API",
    "version" : "1.0.0",
    "description" : "ADANI_MOBILE_DB_API"
  },
  "paths" : {
    "/loansummciflan" : {
      "post" : {
        "operationId" : "postLoansummciflan",
        "responses" : {
          "200" : {
            "description" : "The operation was successful."
          }
        },
        "consumes" : [ "application/json" ],
        "produces" : [ "application/json" ],
        "description" : "Insert a loansummciflan",
        "parameters" : [ {
          "name" : "body",
          "in" : "body",
          "schema" : {
            "type" : "string"
          },
          "description" : "The request body for the operation",
          "required" : true
        }, {
          "name" : "Channel_ID",
          "in" : "header",
          "type" : "string"
        }, {
          "name" : "Request_Date",
          "in" : "header",
          "type" : "string"
        }, {
          "name" : "Service_ID",
          "in" : "header",
          "type" : "string",
          "required" : false
        }, {
          "name" : "Request_ID",
          "in" : "header",
          "type" : "string"
        } ]
      }
    },
    "/getMobileNo" : {
      "post" : {
        "operationId" : "postGetMobileNo",
        "responses" : {
          "200" : {
            "description" : "The operation was successful."
          }
        },
        "consumes" : [ "application/json" ],
        "produces" : [ "application/json" ],
        "description" : "Insert a getMobileNo",
        "parameters" : [ {
          "name" : "body",
          "in" : "body",
          "schema" : {
            "type" : "string"
          },
          "description" : "The request body for the operation",
          "required" : true
        }, {
          "name" : "Channel_ID",
          "in" : "header",
          "type" : "string"
        }, {
          "name" : "Request_Date",
          "in" : "header",
          "type" : "string"
        }, {
          "name" : "Service_ID",
          "in" : "header",
          "type" : "string"
        }, {
          "name" : "Request_ID",
          "in" : "header",
          "type" : "string"
        } ]
      }
    }
  },
  "basePath" : "/adani_mobile_db_api"
}