{
  "swagger" : "2.0",
  "info" : {
    "title" : "PH_UI_Services",
    "version" : "1.0.0",
    "description" : "PH_UI_Services"
  },
  "paths" : {
    "/database/login" : {
      "post" : {
        "operationId" : "postLogin",
        "responses" : {
          "200" : {
            "description" : "The operation was successful."
          },
          "400" : {
            "description" : "Bad Request"
          }
        },
        "consumes" : [ "application/json" ],
        "produces" : [ "application/json" ],
        "description" : "Insert a login",
        "parameters" : [ {
          "name" : "body",
          "in" : "body",
          "schema" : {
            "$ref" : "#/definitions/Login_DB_Req"
          },
          "description" : "{\"PH_LoginDBReq\":{\"ReqBody\":{\"UID\":\"\",\"PWD\":\"\"}}}",
          "required" : true
        }, {
          "name" : "ChannelID",
          "in" : "header",
          "type" : "string",
          "required" : true,
          "description" : "Channel Identifier"
        }, {
          "name" : "ServiceID",
          "in" : "header",
          "type" : "string",
          "required" : true,
          "description" : "Unique service identifier for this resource"
        }, {
          "name" : "ReqDtTm",
          "in" : "header",
          "type" : "string",
          "required" : true,
          "description" : "Request DateTime in YYYYMMDDHHmmSS"
        }, {
          "name" : "ReqID",
          "in" : "header",
          "type" : "string",
          "required" : true,
          "description" : "Request Identifier - Unique ID for the Channel"
        } ]
      }
    },
    "/database/logout" : {
      "post" : {
        "operationId" : "postLogout",
        "responses" : {
          "200" : {
            "description" : "The operation was successful."
          }
        },
        "consumes" : [ "application/json" ],
        "produces" : [ "application/json" ],
        "description" : "Insert a logout",
        "parameters" : [ {
          "name" : "body",
          "in" : "body",
          "schema" : {
            "$ref" : "#/definitions/Logout_DB_Req"
          },
          "description" : "{\"PH_LogoutDBReq\":{\"ReqBody\":{\"UID\":\"\"}}}",
          "required" : true
        }, {
          "name" : "ChannelID",
          "in" : "header",
          "type" : "string",
          "required" : true,
          "description" : "Channel Identifier"
        }, {
          "name" : "ServiceID",
          "in" : "header",
          "type" : "string",
          "required" : true,
          "description" : "Unique service identifier for this resource"
        }, {
          "name" : "ReqDtTm",
          "in" : "header",
          "type" : "string",
          "required" : true,
          "description" : "Request DateTime in YYYYMMDDHHmmSS"
        }, {
          "name" : "ReqID",
          "in" : "header",
          "type" : "string",
          "required" : true,
          "description" : "Request Identifier - Unique ID for the Channel"
        } ]
      }
    },
    "/file/approval/pending" : {
      "get" : {
        "operationId" : "getPending",
        "responses" : {
          "200" : {
            "description" : "The operation was successful.",
            "schema" : {
              "$ref" : "#/definitions/Login_DB_Req"
            }
          }
        },
        "produces" : [ "application/json" ],
        "description" : "Retrieve pending",
        "parameters" : [ {
          "name" : "ChannelID",
          "in" : "header",
          "type" : "string",
          "description" : "Channel Identifier",
          "required" : true
        }, {
          "name" : "ServiceID",
          "in" : "header",
          "type" : "string",
          "description" : "Unique service identifier for this resource",
          "required" : true
        }, {
          "name" : "ReqDtTm",
          "in" : "header",
          "type" : "string",
          "required" : true,
          "description" : "Request DateTime in YYYYMMDDHHmmSS"
        }, {
          "name" : "ReqID",
          "in" : "header",
          "type" : "string",
          "description" : "Request Identifier - Unique ID for the Channel",
          "required" : true
        }, {
          "name" : "UID",
          "in" : "header",
          "type" : "string",
          "description" : "Unique identifier",
          "required" : true
        } ]
      }
    },
    "/file/approval/approve" : {
      "post" : {
        "operationId" : "postApprove",
        "responses" : {
          "200" : {
            "description" : "The operation was successful."
          },
          "400" : {
            "description" : "Bad Request"
          }
        },
        "consumes" : [ "application/json" ],
        "produces" : [ "application/json" ],
        "description" : "Insert a approve",
        "parameters" : [ {
          "name" : "body",
          "in" : "body",
          "schema" : {
            "$ref" : "#/definitions/File_Approval_Approve_Req"
          },
          "description" : "{\"PH_ApproveDBFileReq\":{\"ReqBody\":{\"UID\":\"\",\"Files\":[\"{FileID\":\"\",\"AppRemarks\":\"\",\"DateTime\":\"\"}]}}}",
          "required" : true
        }, {
          "name" : "ChannelID",
          "in" : "header",
          "type" : "string",
          "description" : "Channel Identifier",
          "required" : true
        }, {
          "name" : "ServiceID",
          "in" : "header",
          "type" : "string",
          "description" : "Unique service identifier for this resource",
          "required" : true
        }, {
          "name" : "ReqDtTmReqDtTm",
          "in" : "header",
          "type" : "string",
          "required" : true,
          "description" : "Request DateTime in YYYYMMDDHHmmSS"
        }, {
          "name" : "ReqID",
          "in" : "header",
          "type" : "string",
          "description" : "Request Identifier - Unique ID for the Channel",
          "required" : true
        } ]
      }
    },
    "/file/approval/reject" : {
      "post" : {
        "operationId" : "postReject",
        "responses" : {
          "200" : {
            "description" : "The operation was successful."
          },
          "400" : {
            "description" : "Bad Request"
          }
        },
        "consumes" : [ "application/json" ],
        "produces" : [ "application/json" ],
        "description" : "Insert a reject",
        "parameters" : [ {
          "name" : "body",
          "in" : "body",
          "schema" : {
            "$ref" : "#/definitions/File_Approval_Reject_Req"
          },
          "description" : "{\"PH_RejectDBFileReq\":{\"ReqBody\":{\"UID\":\"\",\"Files\":[{\"FileID\":\"\",\"RjctRemarks\":\"\",\"DateTime\":\"\"}]}}}",
          "required" : true
        }, {
          "name" : "ChannelID",
          "in" : "header",
          "type" : "string",
          "required" : true,
          "description" : "Channel Identifier"
        }, {
          "name" : "ServiceID",
          "in" : "header",
          "type" : "string",
          "required" : true,
          "description" : "Unique service identifier for this resource"
        }, {
          "name" : "ReqDtTm",
          "in" : "header",
          "type" : "string",
          "required" : true,
          "description" : "Request DateTime in YYYYMMDDHHmmSS"
        }, {
          "name" : "ReqID",
          "in" : "header",
          "type" : "string",
          "required" : true,
          "description" : "Request Identifier - Unique ID for the Channel"
        } ]
      }
    },
    "/txn/approval/approve" : {
      "post" : {
        "operationId" : "postApprove1",
        "responses" : {
          "200" : {
            "description" : "The operation was successful."
          }
        },
        "consumes" : [ "application/json" ],
        "produces" : [ "application/json" ],
        "description" : "Insert a approve",
        "parameters" : [ {
          "name" : "body",
          "in" : "body",
          "schema" : {
            "$ref" : "#/definitions/Txn_Approval_Approve_Req"
          },
          "description" : "{\"PH_TxnApprovalApprove\":{\"ReqBody\":{\"UID\":\"\",\"Txn\":[{\"InwTrnID\":\"\",\"AppRemarks\":\"\",\"DateTime\":\"\"}]}}}",
          "required" : true
        }, {
          "name" : "ChannelID",
          "in" : "header",
          "type" : "string",
          "required" : true,
          "description" : "Channel Identifier"
        }, {
          "name" : "ServiceID",
          "in" : "header",
          "type" : "string",
          "required" : true,
          "description" : "Unique service identifier for this resource"
        }, {
          "name" : "ReqDtTm",
          "in" : "header",
          "type" : "string",
          "required" : true,
          "description" : "Request DateTime in YYYYMMDDHHmmSS"
        }, {
          "name" : "ReqID",
          "in" : "header",
          "type" : "string",
          "required" : true,
          "description" : "Request Identifier - Unique ID for the Channel"
        } ]
      }
    },
    "/txn/approval/reject" : {
      "post" : {
        "operationId" : "postReject1",
        "responses" : {
          "200" : {
            "description" : "The operation was successful."
          },
          "400" : {
            "description" : "Bad Request"
          }
        },
        "consumes" : [ "application/json" ],
        "produces" : [ "application/json" ],
        "description" : "Insert a reject",
        "parameters" : [ {
          "name" : "body",
          "in" : "body",
          "schema" : {
            "$ref" : "#/definitions/Txn_Approval_Reject_Req"
          },
          "description" : "{\"PH_TxnApprovalReject\":{\"ReqBody\":{\"UID\":\"\",\"Txn\":[{\"InwTrnID\":\"\",\"RjctRemarks\":\"\",\"DateTime\":\"\"}]}}}",
          "required" : true
        }, {
          "name" : "ChannelID",
          "in" : "query",
          "type" : "string",
          "required" : true,
          "description" : "Channel Identifier"
        }, {
          "name" : "ServiceID",
          "in" : "query",
          "type" : "string",
          "description" : "Unique service identifier for this resource",
          "required" : true
        }, {
          "name" : "ReqDtTm",
          "in" : "header",
          "type" : "string",
          "required" : true,
          "description" : "Request DateTime in YYYYMMDDHHmmSS"
        }, {
          "name" : "ReqID",
          "in" : "query",
          "type" : "string",
          "required" : true,
          "description" : "Request Identifier - Unique ID for the Channel"
        } ]
      }
    },
    "/txn/approval/pending" : {
      "get" : {
        "operationId" : "getPending1",
        "responses" : {
          "200" : {
            "description" : "The operation was successful.",
            "schema" : {
              "$ref" : "#/definitions/Login_DB_Req"
            }
          }
        },
        "produces" : [ "application/json" ],
        "description" : "Retrieve pending",
        "parameters" : [ {
          "name" : "ChannelID",
          "in" : "header",
          "type" : "string",
          "description" : "Channel Identifier",
          "required" : true
        }, {
          "name" : "ServiceID",
          "in" : "header",
          "type" : "string",
          "description" : "Unique service identifier for this resource",
          "required" : true
        }, {
          "name" : "FileID",
          "in" : "header",
          "type" : "string",
          "description" : "Unique File ID",
          "required" : true
        }, {
          "name" : "ReqID",
          "in" : "header",
          "type" : "string",
          "description" : "Request Identifier - Unique ID for the Channel",
          "required" : true
        }, {
          "name" : "UID",
          "in" : "header",
          "type" : "string",
          "description" : "Unique ID",
          "required" : true
        }, {
          "name" : "ReqDtTm",
          "in" : "header",
          "type" : "string",
          "description" : "Request DateTime in YYYYMMDDHHmmSS",
          "required" : true
        } ]
      }
    }
  },
  "basePath" : "/ph_ui_services/v1",
  "definitions" : {
    "Login_DB_Req" : {
      "type" : "object",
      "properties" : {
        "UID" : {
          "type" : "string"
        },
        "PWD" : {
          "type" : "string"
        }
      },
      "required" : [ "UID", "PWD" ]
    },
    "Login_DB_Rsp" : {
      "type" : "object",
      "properties" : {
        "Status" : {
          "type" : "string"
        },
        "UserName" : {
          "type" : "string"
        },
        "SessionID" : {
          "type" : "string"
        },
        "LastLogin" : {
          "type" : "string"
        },
        "Role" : {
          "type" : "string"
        },
        "RspRemarks" : {
          "type" : "string"
        },
        "RspCode" : {
          "type" : "string"
        }
      },
      "required" : [ "Status", "RspRemarks", "RspCode" ]
    },
    "Logout_DB_Req" : {
      "type" : "object",
      "properties" : {
        "UID" : {
          "type" : "string"
        }
      },
      "required" : [ "UID" ]
    },
    "Logout_DB_Rsp" : {
      "type" : "object",
      "properties" : {
        "Status" : {
          "type" : "string"
        },
        "RspRemarks" : {
          "type" : "string"
        },
        "RspCd" : {
          "type" : "string"
        }
      },
      "required" : [ "Status", "RspRemarks", "RspCd" ]
    },
    "File_Approval_Approve_Req" : {
      "type" : "object",
      "properties" : {
        "UID" : {
          "type" : "string"
        },
        "Files" : {
          "type" : "array",
          "items" : {
            "type" : "object",
            "properties" : {
              "FileID" : {
                "type" : "string"
              },
              "AppRemarks" : {
                "type" : "string"
              },
              "DateTime" : {
                "type" : "string"
              }
            },
            "required" : [ "FileID", "AppRemarks", "DateTime" ]
          }
        }
      },
      "required" : [ "UID" ]
    },
    "File_Approval_Approve_Rsp" : {
      "type" : "object",
      "properties" : {
        "Status" : {
          "type" : "string"
        },
        "Files" : {
          "type" : "array",
          "items" : {
            "type" : "object",
            "properties" : {
              "FileID" : {
                "type" : "string"
              },
              "Status" : {
                "type" : "string"
              },
              "RspRemarks" : {
                "type" : "string"
              },
              "RspCd" : {
                "type" : "string"
              }
            },
            "required" : [ "FileID", "Status", "RspRemarks", "RspCd" ]
          }
        }
      },
      "required" : [ "Status" ]
    },
    "File_Approval_Reject_Req" : {
      "type" : "object",
      "properties" : {
        "UID" : {
          "type" : "string"
        },
        "Files" : {
          "type" : "array",
          "items" : {
            "type" : "object",
            "properties" : {
              "FileID" : {
                "type" : "string"
              },
              "RjctRemarks" : {
                "type" : "string"
              },
              "DateTime" : {
                "type" : "string"
              }
            },
            "required" : [ "FileID", "RjctRemarks", "DateTime" ]
          }
        }
      },
      "required" : [ "UID" ]
    },
    "File_Approval_Reject_Rsp" : {
      "type" : "object",
      "properties" : {
        "Status" : {
          "type" : "string"
        },
        "Files" : {
          "type" : "array",
          "items" : {
            "type" : "object",
            "properties" : {
              "FileID" : {
                "type" : "string"
              },
              "Status" : {
                "type" : "string"
              },
              "RspRemarks" : {
                "type" : "string"
              },
              "RspCd" : {
                "type" : "string"
              }
            },
            "required" : [ "FileID", "Status", "RspRemarks", "RspCd" ]
          }
        }
      },
      "required" : [ "Status" ]
    },
    "Txn_Approval_Pending_Rsp" : {
      "type" : "object",
      "properties" : {
        "Txn" : {
          "type" : "array",
          "items" : {
            "type" : "object",
            "properties" : {
              "InwTrnID" : {
                "type" : "string"
              },
              "ValueDate" : {
                "type" : "string"
              },
              "IFSC" : {
                "type" : "string"
              },
              "BenName" : {
                "type" : "string"
              },
              "BenAccNo" : {
                "type" : "string"
              },
              "RemName" : {
                "type" : "string"
              },
              "RemAccNo" : {
                "type" : "string"
              },
              "Amount" : {
                "type" : "string"
              },
              "Purpose" : {
                "type" : "string"
              },
              "CreatedOn" : {
                "type" : "string"
              },
              "CreatedBy" : {
                "type" : "string"
              },
              "UpdatedOn" : {
                "type" : "string"
              },
              "UpdatedBy" : {
                "type" : "string"
              }
            },
            "required" : [ "UpdatedBy", "UpdatedOn", "CreatedBy", "CreatedOn", "Purpose", "Amount", "RemAccNo", "RemName", "BenAccNo", "BenName", "IFSC", "ValueDate", "InwTrnID" ]
          }
        }
      }
    },
    "Txn_Approval_Approve_Req" : {
      "type" : "object",
      "properties" : {
        "UID" : {
          "type" : "string"
        },
        "Txn" : {
          "type" : "array",
          "items" : {
            "type" : "object",
            "properties" : {
              "InwTrnID" : {
                "type" : "string"
              },
              "AppRemarks" : {
                "type" : "string"
              },
              "DateTime" : {
                "type" : "string"
              }
            },
            "required" : [ "DateTime", "AppRemarks", "InwTrnID" ]
          }
        }
      },
      "required" : [ "UID" ]
    },
    "Txn_Approval_Approve_Rsp" : {
      "type" : "object",
      "properties" : {
        "Status" : {
          "type" : "string"
        },
        "Txn" : {
          "type" : "array",
          "items" : {
            "type" : "object",
            "properties" : {
              "InwTrnID" : {
                "type" : "string"
              },
              "Status" : {
                "type" : "string"
              },
              "RspRemarks" : {
                "type" : "string"
              },
              "RspCd" : {
                "type" : "string"
              }
            },
            "required" : [ "Status", "InwTrnID", "RspRemarks", "RspCd" ]
          }
        }
      },
      "required" : [ "Status" ]
    },
    "Txn_Approval_Reject_Req" : {
      "type" : "object",
      "properties" : {
        "UID" : {
          "type" : "string"
        },
        "Txn" : {
          "type" : "array",
          "items" : {
            "type" : "object",
            "properties" : {
              "InwTrnID" : {
                "type" : "string"
              },
              "RjctRemarks" : {
                "type" : "string"
              },
              "DateTime" : {
                "type" : "string"
              }
            },
            "required" : [ "InwTrnID", "RjctRemarks", "DateTime" ]
          }
        }
      },
      "required" : [ "UID" ]
    },
    "Txn_Approval_Reject_Rsp" : {
      "type" : "object",
      "properties" : {
        "Status" : {
          "type" : "string"
        },
        "Txn" : {
          "type" : "array",
          "items" : {
            "type" : "object",
            "properties" : {
              "InwTrnID" : {
                "type" : "string"
              },
              "Status" : {
                "type" : "string"
              },
              "RspRemarks" : {
                "type" : "string"
              },
              "RspCd" : {
                "type" : "string"
              }
            },
            "required" : [ "Status", "InwTrnID", "RspRemarks", "RspCd" ]
          }
        }
      },
      "required" : [ "Status" ]
    },
    "File_Approval_Pending_Rsp" : {
      "type" : "object",
      "properties" : {
        "UID" : {
          "type" : "string"
        },
        "Files" : {
          "type" : "array",
          "items" : {
            "type" : "object",
            "properties" : {
              "FileID" : {
                "type" : "string"
              },
              "FileName" : {
                "type" : "string"
              },
              "RecordCNT" : {
                "type" : "string"
              },
              "CreatedOn" : {
                "type" : "string"
              },
              "CreatedBy" : {
                "type" : "string"
              },
              "UpdatedOn" : {
                "type" : "string"
              },
              "UpdatedBy" : {
                "type" : "string"
              }
            },
            "required" : [ "FileID", "FileName", "RecordCNT", "CreatedOn", "CreatedBy", "UpdatedOn", "UpdatedBy" ]
          }
        }
      },
      "required" : [ "UID" ]
    }
  },
  "schemes" : [ "http" ],
  "host" : "hp-hp-elitebook-840-g1:7802"
}