{
  "swagger" : "2.0",
  "info" : {
    "title" : "ADANI_DB_DEMO",
    "version" : "1.0.0",
    "description" : "ADANI_DB_DEMO"
  },
  "paths" : {
    "/displayAppDetails" : {
      "post" : {
        "operationId" : "postDisplayDBDetails",
        "responses" : {
          "200" : {
            "description" : "The operation was successful."
          }
        },
        "consumes" : [ "application/json" ],
        "produces" : [ "application/json" ],
        "description" : "Insert a displayDBDetails",
        "parameters" : [ {
          "name" : "body",
          "in" : "body",
          "schema" : {
            "type" : "string"
          },
          "description" : "The request body for the operation",
          "required" : true
        }, {
          "name" : "Service_ID",
          "in" : "header",
          "type" : "string",
          "required" : true
        }, {
          "name" : "Request_Date",
          "in" : "header",
          "type" : "string",
          "required" : true
        }, {
          "name" : "Channel_ID",
          "in" : "header",
          "type" : "string",
          "required" : true
        }, {
          "name" : "Request_ID",
          "in" : "header",
          "type" : "string",
          "required" : true
        } ]
      }
    },
    "/overAllLimitReq" : {
      "post" : {
        "operationId" : "postOverAllLimitReq",
        "responses" : {
          "200" : {
            "description" : "The operation was successful."
          }
        },
        "consumes" : [ "application/json" ],
        "produces" : [ "application/json" ],
        "description" : "Insert a overAllLimitReq",
        "parameters" : [ {
          "name" : "body",
          "in" : "body",
          "schema" : {
            "type" : "string"
          },
          "description" : "The request body for the operation",
          "required" : true
        }, {
          "name" : "Service_ID",
          "in" : "header",
          "type" : "string",
          "required" : true
        }, {
          "name" : "Request_Date",
          "in" : "header",
          "type" : "string",
          "required" : true
        }, {
          "name" : "Channel_ID",
          "in" : "header",
          "type" : "string",
          "required" : true
        }, {
          "name" : "Request_ID",
          "in" : "header",
          "type" : "string",
          "required" : true
        } ]
      }
    },
    "/ecoSystemReq" : {
      "post" : {
        "operationId" : "postEcoSystemReq",
        "responses" : {
          "200" : {
            "description" : "The operation was successful."
          }
        },
        "consumes" : [ "application/json" ],
        "produces" : [ "application/json" ],
        "description" : "Insert a ecoSystemReq",
        "parameters" : [ {
          "name" : "body",
          "in" : "body",
          "schema" : {
            "type" : "string"
          },
          "description" : "The request body for the operation",
          "required" : true
        }, {
          "name" : "Service_ID",
          "in" : "header",
          "type" : "string",
          "required" : true
        }, {
          "name" : "Request_Date",
          "in" : "header",
          "type" : "string",
          "required" : true
        }, {
          "name" : "Channel_ID",
          "in" : "header",
          "type" : "string",
          "required" : true
        }, {
          "name" : "Request_ID",
          "in" : "header",
          "type" : "string",
          "required" : true
        } ]
      }
    },
    "/ecoSystemLimitReq" : {
      "post" : {
        "operationId" : "postEcoSystemLimitReq",
        "responses" : {
          "200" : {
            "description" : "The operation was successful."
          }
        },
        "consumes" : [ "application/json" ],
        "produces" : [ "application/json" ],
        "description" : "Insert a ecoSystemLimitReq",
        "parameters" : [ {
          "name" : "body",
          "in" : "body",
          "schema" : {
            "type" : "string"
          },
          "description" : "The request body for the operation",
          "required" : true
        }, {
          "name" : "Service_ID",
          "in" : "header",
          "type" : "string",
          "required" : true
        }, {
          "name" : "Request_Date",
          "in" : "header",
          "type" : "string",
          "required" : true
        }, {
          "name" : "Channel_ID",
          "in" : "header",
          "type" : "string",
          "required" : true
        }, {
          "name" : "Request_ID",
          "in" : "header",
          "type" : "string",
          "required" : true
        } ]
      }
    },
    "/invoiceDiscountReq" : {
      "post" : {
        "operationId" : "postInvoiceDiscountReq",
        "responses" : {
          "200" : {
            "description" : "The operation was successful."
          }
        },
        "consumes" : [ "application/json" ],
        "produces" : [ "application/json" ],
        "description" : "Insert a invoiceDiscountReq",
        "parameters" : [ {
          "name" : "body",
          "in" : "body",
          "schema" : {
            "type" : "string"
          },
          "description" : "The request body for the operation",
          "required" : true
        }, {
          "name" : "Service_ID",
          "in" : "header",
          "type" : "string",
          "required" : true
        }, {
          "name" : "Request_Date",
          "in" : "header",
          "type" : "string",
          "required" : true
        }, {
          "name" : "Channel_ID",
          "in" : "header",
          "type" : "string",
          "required" : true
        }, {
          "name" : "Request_ID",
          "in" : "header",
          "type" : "string",
          "required" : true
        } ]
      }
    },
    "/loanDetailsReq" : {
      "post" : {
        "operationId" : "postLoanDetailsReq",
        "responses" : {
          "200" : {
            "description" : "The operation was successful."
          }
        },
        "consumes" : [ "application/json" ],
        "produces" : [ "application/json" ],
        "description" : "Insert a loanDetailsReq",
        "parameters" : [ {
          "name" : "body",
          "in" : "body",
          "schema" : {
            "type" : "string"
          },
          "description" : "The request body for the operation",
          "required" : true
        }, {
          "name" : "Service_ID",
          "in" : "header",
          "type" : "string",
          "required" : true
        }, {
          "name" : "Request_Date",
          "in" : "header",
          "type" : "string",
          "required" : true
        }, {
          "name" : "Channel_ID",
          "in" : "header",
          "type" : "string",
          "required" : true
        }, {
          "name" : "Request_ID",
          "in" : "header",
          "type" : "string",
          "required" : true
        } ]
      }
    },
    "/custCIFAddrReq" : {
      "post" : {
        "operationId" : "postCustCIFAddrReq",
        "responses" : {
          "200" : {
            "description" : "The operation was successful."
          }
        },
        "consumes" : [ "application/json" ],
        "produces" : [ "application/json" ],
        "description" : "Insert a custCIFAddrReq",
        "parameters" : [ {
          "name" : "body",
          "in" : "body",
          "schema" : {
            "type" : "string"
          },
          "description" : "The request body for the operation",
          "required" : true
        }, {
          "name" : "Service_ID",
          "in" : "header",
          "type" : "string",
          "required" : true
        }, {
          "name" : "Request_Date",
          "in" : "header",
          "type" : "string",
          "required" : true
        }, {
          "name" : "Channel_ID",
          "in" : "header",
          "type" : "string",
          "required" : true
        }, {
          "name" : "Request_ID",
          "in" : "header",
          "type" : "string",
          "required" : true
        } ]
      }
    },
    "/loanSummaryCifMobReq" : {
      "post" : {
        "operationId" : "postLoanSummaryCifMobReq",
        "responses" : {
          "200" : {
            "description" : "The operation was successful."
          }
        },
        "consumes" : [ "application/json" ],
        "produces" : [ "application/json" ],
        "description" : "Insert a loanSummaryCifMobReq",
        "parameters" : [ {
          "name" : "body",
          "in" : "body",
          "schema" : {
            "type" : "string"
          },
          "description" : "The request body for the operation",
          "required" : true
        }, {
          "name" : "Service_ID",
          "in" : "header",
          "type" : "string",
          "required" : true
        }, {
          "name" : "Request_Date",
          "in" : "header",
          "type" : "string",
          "required" : true
        }, {
          "name" : "Channel_ID",
          "in" : "header",
          "type" : "string",
          "required" : true
        }, {
          "name" : "Request_ID",
          "in" : "header",
          "type" : "string",
          "required" : true
        } ]
      }
    },
    "/loanSummaryLANReq" : {
      "post" : {
        "operationId" : "postLoanSummaryLANReq",
        "responses" : {
          "200" : {
            "description" : "The operation was successful."
          }
        },
        "consumes" : [ "application/json" ],
        "produces" : [ "application/json" ],
        "description" : "Insert a loanSummaryLANReq",
        "parameters" : [ {
          "name" : "body",
          "in" : "body",
          "schema" : {
            "type" : "string"
          },
          "description" : "The request body for the operation",
          "required" : true
        }, {
          "name" : "Service_ID",
          "in" : "header",
          "type" : "string",
          "required" : true
        }, {
          "name" : "Request_Date",
          "in" : "header",
          "type" : "string",
          "required" : true
        }, {
          "name" : "Channel_ID",
          "in" : "header",
          "type" : "string",
          "required" : true
        }, {
          "name" : "Request_ID",
          "in" : "header",
          "type" : "string",
          "required" : true
        } ]
      }
    }
  },
  "basePath" : "/adani_mobile_api/displayAppDetails"
}