{
  "swagger" : "2.0",
  "info" : {
    "title" : "NSE_FIX_REST_SERVICE",
    "version" : "1.0.0",
    "description" : "NSE_FIX_REST_SERVICE"
  },
  "paths" : {
    "/FIX_TO_XML" : {
      "post" : {
        "operationId" : "postFIX_TO_XML",
        "responses" : {
          "200" : {
            "description" : "The operation was successful."
          }
        },
        "consumes" : [ "application/json" ],
        "produces" : [ "application/json" ],
        "description" : "Insert a FIX_TO_XML",
        "parameters" : [ {
          "name" : "body",
          "in" : "body",
          "schema" : {
            "type" : "string"
          },
          "description" : "The request body for the operation",
          "required" : true
        } ]
      }
    }
  },
  "basePath" : "/nse_fix_rest_service"
}