{
  "swagger" : "2.0",
  "info" : {
    "title" : "Unique_Token_Generation",
    "version" : "1.0.0",
    "description" : "Unique_Token_Generation"
  },
  "paths" : {
    "/TokenGeneration" : { },
    "/tokenGeneration" : {
      "get" : {
        "operationId" : "getTokenGeneration",
        "responses" : {
          "200" : {
            "description" : "The operation was successful.",
            "schema" : {
              "type" : "string"
            }
          }
        },
        "produces" : [ "application/json" ],
        "description" : "Retrieve tokenGeneration"
      }
    }
  },
  "basePath" : "/unique_token_generation/v1"
}