{
  "swagger" : "2.0",
  "info" : {
    "title" : "OTP_Email",
    "version" : "1.0.0",
    "description" : "OTP_Email"
  },
  "paths" : {
    "/OTP_generate" : {
      "post" : {
        "operationId" : "postOTP_gen",
        "responses" : {
          "201" : {
            "description" : "The operation was successful."
          }
        },
        "consumes" : [ "application/json" ],
        "produces" : [ "application/json" ],
        "description" : "Insert a OTP_gen",
        "parameters" : [ {
          "name" : "body",
          "in" : "body",
          "schema" : {
            "$ref" : "#/definitions/OTP_gen_req"
          },
          "description" : "{\"ReqBody\":{\"EmailId\":\"minal@cateina.com\",\"MobileNo\":9503934304,\"ISD\":91}}",
          "required" : true
        }, {
          "name" : "Channel_ID",
          "in" : "header",
          "type" : "string",
          "required" : true
        }, {
          "name" : "Service_ID",
          "in" : "header",
          "type" : "number",
          "required" : true
        }, {
          "name" : "Request_ID",
          "in" : "header",
          "type" : "number",
          "required" : true
        }, {
          "name" : "Request_Date",
          "in" : "header",
          "type" : "integer",
          "required" : true
        } ]
      }
    },
    "/Validate_OTP" : {
      "post" : {
        "operationId" : "postOTP_validation",
        "responses" : {
          "200" : {
            "description" : "The operation was successful."
          }
        },
        "consumes" : [ "application/json" ],
        "produces" : [ "application/json" ],
        "description" : "Insert a OTP_validation",
        "parameters" : [ {
          "name" : "body",
          "in" : "body",
          "schema" : {
            "type" : "string"
          },
          "description" : "The request body for the operation",
          "required" : true
        }, {
          "name" : "Channel_ID",
          "in" : "header",
          "type" : "string"
        }, {
          "name" : "Service_ID",
          "in" : "header",
          "type" : "number"
        }, {
          "name" : "Request_ID",
          "in" : "header",
          "type" : "number"
        }, {
          "name" : "Request_Date",
          "in" : "header",
          "type" : "number"
        } ]
      }
    }
  },
  "basePath" : "/otp_service",
  "definitions" : {
    "OTP_gen_req" : {
      "type" : "object",
      "properties" : {
        "ReqHeader" : {
          "type" : "object",
          "properties" : {
            "Channel_Id" : {
              "type" : "string"
            },
            "Service_Id" : {
              "type" : "number"
            },
            "Request_Id" : {
              "type" : "number"
            },
            "Request_Date" : {
              "type" : "number"
            }
          },
          "required" : [ "Channel_Id", "Service_Id", "Request_Id", "Request_Date" ]
        },
        "ReqBody" : {
          "type" : "object",
          "properties" : {
            "EmailId" : {
              "type" : "string"
            },
            "MobileNo" : {
              "type" : "number"
            },
            "ISD" : {
              "type" : "number"
            }
          }
        }
      },
      "required" : [ "ReqHeader" ]
    },
    "OTP_gen_res" : {
      "type" : "object",
      "properties" : {
        "Rsp_Header" : {
          "type" : "object",
          "properties" : {
            "Channel_Id" : {
              "type" : "string"
            },
            "Service_Id" : {
              "type" : "string"
            },
            "Request_Id" : {
              "type" : "number"
            },
            "Request_Date" : {
              "type" : "number"
            }
          },
          "required" : [ "Request_Date", "Request_Id", "Service_Id", "Channel_Id" ]
        },
        "Rsp_Body" : {
          "type" : "object",
          "properties" : {
            "RspCD" : {
              "type" : "string"
            },
            "Status" : {
              "type" : "string"
            },
            "Message" : {
              "type" : "string"
            }
          },
          "required" : [ "RspCD", "Status", "Message" ]
        }
      },
      "required" : [ "Rsp_Body" ]
    }
  }
}