{
  "swagger" : "2.0",
  "info" : {
    "title" : "PAN_VERIFICATION",
    "version" : "1.0.0",
    "description" : "PAN_VERIFICATION"
  },
  "paths" : {
    "/pan_verification" : {
      "post" : {
        "operationId" : "postPan_verification",
        "responses" : {
          "200" : {
            "description" : "The operation was successful."
          }
        },
        "consumes" : [ "application/json" ],
        "produces" : [ "application/json" ],
        "description" : "Insert a pan_verification",
        "parameters" : [ {
          "name" : "body",
          "in" : "body",
          "schema" : {
            "type" : "string"
          },
          "description" : "{ \"panInqReq\":{ \"ReqBody\":{ \"userID\" :\"V0178701\", \"PanNos\":{ \"PAN1\":\"AKKPH9415N\", \"PAN2\":\"ACLPC3993R\", \"PAN3\":\"AAAPC5325N\", \"PAN4\":\"AKKPH5250K\" } } } }",
          "required" : true
        }, {
          "name" : "Request_ID",
          "in" : "header",
          "type" : "string",
          "required" : true
        }, {
          "name" : "Service_ID",
          "in" : "header",
          "type" : "string",
          "required" : true
        }, {
          "name" : "Channel_ID",
          "in" : "header",
          "type" : "string",
          "required" : true
        }, {
          "name" : "Request_Date",
          "in" : "header",
          "type" : "string",
          "required" : true
        } ]
      }
    },
    "/pan_verification/Accept" : {
      "post" : {
        "operationId" : "postAccept",
        "responses" : {
          "200" : {
            "description" : "The operation was successful."
          }
        },
        "consumes" : [ "application/json" ],
        "produces" : [ "application/json" ],
        "description" : "Insert a Accept",
        "parameters" : [ {
          "name" : "body",
          "in" : "body",
          "schema" : {
            "$ref" : "#/definitions/panInqReq"
          },
          "description" : "The request body for the operation",
          "required" : true
        } ]
      }
    }
  },
  "basePath" : "/pan_verification_service",
  "definitions" : {
    "panInqReq" : {
      "type" : "object",
      "properties" : {
        "ReqBody" : {
          "type" : "object",
          "properties" : {
            "userID" : {
              "type" : "string"
            },
            "PanNos" : {
              "type" : "object",
              "properties" : {
                "PAN1" : {
                  "type" : "string"
                },
                "PAN2" : {
                  "type" : "string"
                },
                "PAN3" : {
                  "type" : "string"
                },
                "PAN4" : {
                  "type" : "string"
                },
                "PAN5" : {
                  "type" : "string"
                }
              }
            }
          }
        }
      }
    },
    "panInqResp" : {
      "type" : "object",
      "properties" : {
        "ReqBody" : {
          "type" : "object",
          "properties" : {
            "Remarks" : {
              "type" : "string"
            },
            "PAN_Dtls" : {
              "type" : "object",
              "properties" : {
                "PAN_No" : {
                  "type" : "string"
                },
                "PAN_Status" : {
                  "type" : "string"
                },
                "Last_Name" : {
                  "type" : "string"
                },
                "First_Name" : {
                  "type" : "string"
                },
                "Middle_Name" : {
                  "type" : "string"
                },
                "Title" : {
                  "type" : "string"
                },
                "DOB" : {
                  "type" : "number"
                }
              }
            }
          }
        }
      }
    }
  }
}